Scene,Name,Dialogue,Main Icon,Other Icon,Background
LA.13,Little Red,I'm taking some treats in my basket to my Grandma's cabin!,lr_talking.png,wolf_listen.png,forest2.png
LA2.14,Wolf,*Grandma's cabin? If I eat that old coot first… I can have the little girl as dessert afterwards!*,lr_normal.png,wolf_scary.png,forest2.png
LA2.15,Wolf,"Oh, is that so? Well, I hope you and your grandma have a grand time together~.",lr_normal.png,wolf_listen.png,forest2.png
LA2.16,Little Red,"Thank you, Mr. Wolf! I dunno why Mr. Jack has been trying to hunt you down. You’re so nice!",lr_talking.png,wolf_listen.png,forest2.png
LA2.17,Little Red,*Pets*,lr_normal.png,wolf_shocked.png,forest2.png
LA2.18,Wolf,R-right…,lr_normal.png,wolf_shocked.png,forest2.png
LA2.19,Little Red,Bye now! La-dee-da-dee-da~.,lr_talking.png,wolf_listen.png,forest2.png
LA2.20,Wolf,Now time to go to Grandma’s cabin…,wolf_scary.png,…,forest2.png
LA2.21, ,10 minutes later…,…,…,home2.png
LA2.22,Wolf,I've made it to this old coot's cabin. Now time to gobble her up!,wolf_listen.png,…,home2.png
LA2.23,Wolf,RAAAHH DIIINNER!,wolf_scary.png,grandma_normal.png,home_inside.png
LA2.24,Grandma,Oh my…,wolf_scary.png,grandma_talk.png,home_inside.png
LA2.25,Little Red,"La-la-la-la… Graaaanny! Granny, I’m here!",lr_talking.png,…,home2.png
LA2.26,Wolf,*Drats! I'm not ready for dessert just yet… What to do… What to do...*,wolf_shocked.png,…,home_inside.png
LA2.27,Little Red,I'm coming iinn~!,lr_talking.png,…,home2.png
LA2.28,Little Red,"Oh! Granny, have your ears gotten bigger?",lr_nh_talking.png,grolf_shocked.png,home_inside.png
LA2.29,Grandma (?),All the more to listen to your angelic voice my dear~!,lr_nh_normal.png,grolf_listen.png,home_inside.png
LA2.30,Little Red,And your nails! Your nails look sharp and fingers look furry!,lr_nh_talking.png,grolf_listen.png,home_inside.png
LA2.31,Grandma (?),All the more to open my letters and haven't you heard? Fluffy hands and sharp nails are the new trend!,lr_nh_normal.png,grolf_listen.png,home_inside.png
LA2.32,Little Red,Even up close… Your eyes… And teeth are...,lr_nh_uneasy.png,grolf_listen.png,home_inside.png
LA2.33,Grandma (?),Yeeeesss~?,lr_nh_uneasy.png,grolf_listen.png,home_inside.png