Scene,Name,Dialogue,Main Icon,Other Icon,Background
LA.01,Little Red,La-dee-da-dee-da~.,lr_normal.png,…,forest2.png
LA.02,Little Red,"Oh! Hi, Mr. Jack!",lr_talking.png,lumb_normal.png,forest2.png
LA.03,Lumber Jack,"Well, hello there, Red. Where you headin’ off to?",lr_normal.png,lumb_talk.png,forest2.png
LA.04,Little Red,I’m heading off to my Grandma’s house!,lr_talking.png,lumb_normal.png,forest2.png
LA.05,Lumber Jack,"Now you best keep to the trail, and don't talk to no strangers got it, Red?",lr_normal.png,lumb_talk.png,forest2.png
LA.06,Little Red,Yes sir! I'm off to give Grandma her treats now!,lr_talking.png,lumb_normal.png,forest2.png
LA.07,Lumber Jack,Hrrmm… Alright. I gotta get back to tracking down that damn wolf...,lr_normal.png,lumb_mad_talk.png,forest2.png
LA.08,Little Red,La-la-la-la-laaaaa~. Halfway to Grandmas' house!,lr_talking.png,…,forest2.png
LA.09,Wolf,"Hello there, little girl… Where could you be headed off to?",lr_normal.png,wolf_listen.png,forest2.png
LA.10,Little Red,M-Mr. Wolf!,lr_shocked.png,wolf_listen.png,forest2.png
LA.11,Little Red,I-I… Uhhmm...,lr_uneasy.png,wolf_listen.png,forest2.png
LA.12,Little Red,*Oh no! What was it that Mr. Jack told me!?*,lr_uneasy.png,wolf_listen.png,forest2.png