Scene,Name,Dialogue,Main Icon,Other Icon,Background
HA.03,Gretel,"No, we should leave a trail of rocks and branches behind us instead.",gretel_talking.jpg,hansel_normal.jpg,forest.jpg
HA.04,Hansel,You’re right. I’m a bit hungry. I only have 5 pieces of bread left anyways.,gretel_normal.jpg,hansel_talking.jpg,forest.jpg
HA.05,Hansel,"Hey, look! There is a cabin!",gretel_normal.jpg,hansel_talking.jpg,gingerbread.jpg
HA.06,Gretel,It’s made out of candy!,gretel_talking.jpg,hansel_normal.jpg,gingerbread.jpg
HA.07,Hansel,Let’s eat it!,gretel_normal.jpg,hansel_talking.jpg,gingerbread.jpg
HA.08,Gretel,Fine with me!,gretel_talking.jpg,hansel_normal.jpg,gingerbread.jpg
HA.09,Hansel,Ooh! Gumdrops.,gretel_normal.jpg,hansel_talking.jpg,gingerbread.jpg
HA.10,Gretel,I found some choc-…,gretel_talking.jpg,hansel_normal.jpg,gingerbread.jpg
HA.11,Gretel,…,gretel_scared.jpg,hansel_normal.jpg,gingerbread.jpg
HA.12,Hansel,What?,gretel_scared.jpg,hansel_talking.jpg,gingerbread.jpg
HA.13,Hansel,Anyways… Are you going to eat that?,gretel_scared.jpg,hansel_talking.jpg,gingerbread.jpg
HA.14,Old Lady,Hello there!,hansel_scared.jpg,witch_talking.png,gingerbread.jpg
HA.15,Hansel,We’re not doing anything!,hansel_scared.jpg,witch_normal.png,gingerbread.jpg
HA.16,Old Lady,"Silly boy, I just saw you stuff your pants with gumdrops.",hansel_scared.jpg,witch_talking.png,gingerbread.jpg
HA.17,Hansel,That wasn’t me…,hansel_talking.jpg,witch_normal.png,gingerbread.jpg
HA.18,Gretel,"We’re sorry. We didn’t mean to eat parts of your house, ma’am.",gretel_talking.jpg,witch_normal.png,gingerbread.jpg
HA.19,Old Lady,"Oh, you’re fine darling!",gretel_normal.jpg,witch_talking.png,gingerbread.jpg
HA.20,Old Lady,You two look lost. Come on in! I’ll give you a place to stay.,gretel_normal.jpg,witch_talking.png,gingerbread.jpg
HA.21,Gretel,Thank you! Come on Hansel.,gretel_talking.jpg,witch_normal.png,gingerbread.jpg
HA.22,Old Lady,You two will stay here! I left a pie for you two to eat.,gretel_normal.jpg,witch_talking.png,cozy_room.jpg
HA.23,Gretel,Thank y-…,gretel_talking.jpg,hansel_normal.jpg,cozy_room.jpg
HA.24,,* S L A M *,gretel_scared.jpg,hansel_scared.jpg,cozy_room.jpg
HA.25,Hansel,She slammed the door… Maybe she was in a hurry?,gretel_scared.jpg,hansel_scared.jpg,cozy_room.jpg
HA.26,Hansel,At least this pie is good.,gretel_normal.jpg,hansel_talking.jpg,cozy_room.jpg
HA.27,Hansel,This would go good with my bread.,gretel_normal.jpg,hansel_talking.jpg,cozy_room.jpg
HA.28,Gretel,Why are you using three pieces of bread!?,gretel_scared.jpg,hansel_normal.jpg,cozy_room.jpg
HA.29,Hansel,I told you I was hungry…,gretel_normal.jpg,hansel_talking.jpg,cozy_room.jpg
HA.30,Hansel,"Anyways, the ceiling lights are pretty cool!",gretel_normal.jpg,hansel_talking.jpg,cozy_room.jpg
HA.31,Gretel,Yeah… But it’s getting kind of warm in here.,gretel_talking.jpg,hansel_normal.jpg,cozy_room.jpg
HA.32,Hansel,Yea…,gretel_normal.jpg,hansel_talking.jpg,cozy_room.jpg
HA.33,Gretel,"Hey, it looks like your bread is rising!",gretel_talking.jpg,hansel_normal.jpg,cozy_room.jpg
HA.34,Hansel,"Yea, it is! Pretty cool, huh?",gretel_normal.jpg,hansel_talking.jpg,cozy_room.jpg
HA.35,Gretel,Yea… I guess you’re right.,gretel_talking.jpg,hansel_normal.jpg,cozy_room.jpg
HA.36,Hansel,Hey! We’re glowing! I love this place!,gretel_scared.jpg,hansel_talking.jpg,cozy_room.jpg
HA.37,Gretel,Wha…,gretel_scared.jpg,hansel_normal.jpg,cozy_room.jpg
HA.38,Witch,Heheheh…,gretel_scared.jpg,witch_crazy.png,cozy_room.jpg
HA.39,Gretel,Hey come back here!,gretel_scared.jpg,…,cozy_room.jpg
HA.40,,*The witch cackles as she walks aways from the door*,gretel_scared.jpg,…,cozy_room.jpg