Scene,Name,Dialogue,Main Icon,Other Icon,Background
HA.34,Gretel,No… Something’s off. We have to get out of here.,gretel_talking.jpg,hansel_normal.jpg,cozy_room.jpg
HA4.35,Hansel,But it’s so warm…,gretel_talking.jpg,hansel_talking.jpg,cozy_room.jpg
HA4.36,Gretel,Ugh…,gretel_talking.jpg,hansel_normal.jpg,cozy_room.jpg
HA4.37,Gretel,Hey! Let us out of here!,gretel_talking.jpg,…,cozy_room.jpg
HA4.38, ,"Gretel knocks on the door, but the Witch does not answer.",gretel_normal.jpg,…,cozy_room.jpg
HA4.39,Gretel,What can I say to get her attention?,gretel_talking.jpg,…,cozy_room.jpg
HA4.40,Gretel,It’s so c-c-cold in here…,gretel_talking.jpg,…,cozy_room.jpg
HA4.41,Witch,WHAT!?,gretel_shocked.jpg,witch_mad.png,cozy_room.jpg
HA4.42,Witch,"*Ahem* Sorry, I have a cold, Sweetie. Let me check the temperature for you.",gretel_normal.jpg,witch_normal.png,cozy_room.jpg
HA4.43, ,"As the witch opens the door, Gretel pulls the witch into the “cozy room.”",gretel_normal.jpg,witch_normal.png,cozy_room.jpg
HA4.44,Witch,AAAH!,gretel_normal.jpg,witch_mad.png,cozy_room.jpg
HA4.45,Gretel,"Come on, Hansel!",gretel_talking.jpg,hansel_normal.jpg,cozy_room.jpg
HA4.46, ,Gretel drags Hansel out of the room and slams the door and locks it on the witch. ,gretel_normal.jpg,hansel_scared.jpg,out_oven.jpg
HA4.47,Hansel,My pie…,gretel_normal.jpg,hansel_scared.jpg,out_oven.jpg
HA4.48,Gretel,It's okay. We’ll make one when we get home. Let’s get out of here first!,gretel_talking.jpg,hansel_normal.jpg,out_oven.jpg
HA4.49,Hansel,Okay…,gretel_normal.jpg,hansel_talking.jpg,out_oven.jpg
HA4.50,Hansel,W-Wait! Can we have blueberry pie with gumdrops?,…,hansel_talking.jpg,out_oven.jpg
HA4.51, ,"The two walk back home safely, following the path they left.",…,…,home.jpg