Scene,Name,Dialogue,Main Icon,Other Icon,Background
LA2.33,Little Red,"N-nothing! You look great, Granny. Anyways… I've got your treats!",lr_nh_talking.png,grolf_listen.png,home_inside.png
LA4.34,Grandma (?),T-Treats? Don’t mind if I do~.,lr_nh_normal.png,grolf_scary.png,home_inside.png
LA4.35,Grandma (?),Mmm-,lr_nh_normal.png,grolf_scary.png,home_inside.png
LA4.36,Grandma (?),"Wow… Dear, these are quite tough…",lr_nh_normal.png,grolf_shocked.png,home_inside.png
LA4.37,Grandma (?),And ch-chocolatey…,lr_nh_normal.png,grolf_shocked.png,home_inside.png
LA4.38,Grandma (?),*O-Oh no! These brick brownies have chocolate in them. I'm allergic to chocolate!*,lr_nh_normal.png,grolf_shocked.png,home_inside.png
LA4.39,Grandma (?),*I think I’m going to be sick…*,lr_nh_normal.png,grolf_shocked.png,home_inside.png
LA4.40,Grandma (?),BLLEEEEEAAAAGGGH!!,lr_nh_shocked.png,grolf_scary.png,home_inside.png
LA4.41,Little Red,G-Granny! Y-You've thrown up… A-Another Granny??,lr_nh_shocked.png,grolf_shocked.png,home_inside.png
LA4.42,Grandma,"Oh, good heavens!",lr_nh_shocked.png,grandma_talk.png,home_inside.png
LA4.43,Grolf,Oh… I think I’m dying… I think I see the light…,lr_nh_uneasy.png,grolf_shocked.png,home_inside.png
LA4.44,Grolf,Blehhhh….,lr_nh_shocked.png,grolf_dead.png,home_inside.png
LA4.45,Little Red,Did… I just give Mr. Wolf food poisoning?,lr_nh_uneasy.png,grandma_normal.png,home_inside.png
LA4.46,Little Red,"E-Eeehh heeeh… A-At least you're okay, Granny!",lr_nh_uneasy.png,grandma_normal.png,home_inside.png
LA4.47,Grandma,You silly kids these days…,lr_nh_uneasy.png,grandma_talk.png,home_inside.png
LA4.48,Little Red,"We should tell Mr. Jack, huh?",lr_nh_talking.png,grandma_normal.png,home_inside.png
LA4.49,Grandma,"Sure thing, Dearie, and let’s invite him over for lunch too. I haven’t seen him in awhile.",lr_nh_normal.png,grandma_talk.png,home_inside.png
LA4.50,Little Red,"Let’s go, Granny~!",lr_nh_talking.png,grandma_normal.png,home_inside.png