Scene,Name,Dialogue,Main Icon,Other Icon,Background
LA.13,Little Red,"You better run off, Mr. Wolf, or else Mr. Jack will find you!",lr_uneasy.png,wolf_listen.png,forest2.png
LA.14,Wolf,"You best watch your tongue, little girl!",lr_uneasy.png,wolf_scary.png,forest2.png
LA.15,Little Red,AAAAAH!,lr_shocked.png,wolf_scary.png,forest2.png
LA.16,Lumber Jack,"Get down, Little Red!",lumb_mad_talk.png,wolf_scary.png,forest2.png
LA.17,Wolf,"Damnit, Jack! I’m getting out of here!",lumb_mad.png,wolf_shocked.png,forest2.png
LA.18,Lumber Jack,"Hurry off to Grandma's house, Little Red! I'll handle this!",lumb_mad_talk.png,…,forest2.png
LA.19,Little Red,T-Thank you Mr. Jack! G-Git'em!,lr_talking.png,lumb_mad.png,forest2.png
LA.20,Little Red,"Granny, Granny, Granny! You won't believe what happened!",lr_talking.png,grandma_normal.png,home2.png
LA.21,Grandma,"What is it, Dearie? ",lr_normal.png,grandma_talk.png,home2.png
LA.22,Little Red,Mr. Jack finally has Mr. Wolf on the trail! He'll surely get him this time!,lr_talking.png,grandma_normal.png,home2.png
LA.23,Grandma,"Well, isn’t that nice.",lr_normal.png,grandma_talk.png,home2.png