Scene,Name,Dialogue,Main Icon,Other Icon,Background
HA.03,Gretel,That sounds like a good idea!,gretel_talking.jpg,hansel_normal.jpg,forest.jpg
HA2.04,Hansel,"Yea, I was planning on saving it for lunch, but oh well.",gretel_normal.jpg,hansel_talking.jpg,forest.jpg
HA2.05,Hansel,Ooh! A candy house!,gretel_normal.jpg,hansel_talking.jpg,gingerbread.jpg
HA2.06,Gretel,We already have bread. Don’t be greedy.,gretel_talking.jpg,hansel_normal.jpg,gingerbread.jpg
HA2.07,Hansel,Fine…,gretel_normal.jpg,hansel_talking.jpg,gingerbread.jpg
HA2.08,Gretel,Let’s keep going…,gretel_talking.jpg,hansel_normal.jpg,gingerbread.jpg
HA2.09,Hansel,I think we went the wrong way…,gretel_scared.jpg,hansel_scared.jpg,blackhole.jpg