Scene,Name,Dialogue,Main Icon,Other Icon,Background
LA2.33,Little Red,Y-You're not Granny! Y-You're Mr. Wolf!!,lr_nh_shocked.png,grolf_listen.png,home_inside.png
LA3.34,Wolf,"Well, aren’t you smart… C’mere, Dessert! GIVE GRANNY A HUG!!!",lr_nh_shocked.png,grolf_scary.png,home_inside.png
LA3.35,Little Red,AAAAIIE! T-Take this!,lr_nh_shocked.png,grolf_scary.png,home_inside.png
LA3.36,Wolf,AAAGGH!,…,grolf_shocked.png,home_inside.png
LA3.37,Wolf,*Did she just knock me off the bed with her basket? What kind of treats does she have in there!?*,…,grolf_shocked.png,home_inside.png
LA3.38,Little Red,Now's my chance! I gotta alert Mr. Jack!,lr_nh_uneasy.png,…,home_inside.png
LA3.39,Little Red,MR. JAAAACK! THE WOLF ATE GRANDMA! HELP!!,lr_nh_shocked.png,lumb_normal.png,home2.png
LA3.40,Lumber Jack,What!? Grandma was eaten by the wolf? Is he inside the cabin?,lr_nh_shocked.png,lumb_mad_talk.png,home2.png
LA3.41,Little Red,Y-Yes! Please s-save her!,lr_nh_shocked.png,lumb_normal.png,home2.png
LA3.42,Lumber Jack,Damn wolf! Your time has come!,lumb_mad_talk.png,grolf_shocked.png,home_inside.png
LA3.43,Wolf,"*D-Damn it! I've bitten off more than I can chew, and I can't run with these old coot’s clothing!*",lumb_mad.png,grolf_shocked.png,home_inside.png
LA3.44,Lumber Jack,Slash and done! Begone foul creature!,lumb_mad_talk.png,grolf_dead.png,home_inside.png
LA3.45,Grandma,Oh dear…,lumb_mad.png,grandma_talk.png,home_inside.png
LA3.46,Lumber Jack,"Take it easy, Milady… The beast is no more...",lumb_talk.png,grandma_normal.png,home_inside.png
LA3.47,Little Red,Graaanny! I’m so glad you're okay!,lr_nh_talking.png,grandma_normal.png,home_inside.png